SOC,EFFECTIVE_DATE,SYS_CREATION_DATE,SYS_UPDATE_DATE,OPERATOR_ID,APPLICATION_ID,DL_SERVICE_CODE,DL_UPDATE_STAMP,SPECIAL_DAYS_SET_CODE,PRODUCT_TYPE,SOC_STATUS,SALE_EFF_DATE,SALE_EXP_DATE,SOC_DESCRIPTION,SERVICE_TYPE,SOC_LEVEL_CODE,CUSTOMER_TYPE,FOR_SALE_IND,INTERNAL_TYPE,PP_REPLACEMENT,REPLACED_PP,MAX_ALLOWED_CTNS,MIN_REQ_CTNS,MINIMUM_NO_MONTHS,MIN_REQ_USG_CHRG,ET_MAX_PEN_RATE,ET_MIN_PEN_RATE,PP_MIN_MOU_PRD_IND,MIN_REQ_USG_LEVEL,ICC_CHARGE_IND,DLR_COMMISSION_IND,DLR_RESIDUAL_IND,EXPIRATION_DATE,BILL_PRESENT_IND,COVERAGE_TYPE,AREA_CODE,EHA_FEE_IND,ROAM_ADMIN_FEE_IND,RERATE_SCHG_IND,ESTBL_CHARGE_IND,CUSTOMER_SUBTYPE,SOC_QTY_IND,RELATED_EQUIPMENT,ELA_FEE_IND,WELCOME_MESSAGE_TYPE,PRODUCT_SUB_TYPE,ROLLOVER_TYPE_IND,SOC_MODE,SL_MAX_AMOUNT,SL_MIN_AMOUNT,SL_DEPOSIT_AMT,MOBILE_TECHNOLOGY,MAX_MEMBERS,IRDB_TYPES,ILD_ELIG_IND,BEYOND_VOICE_IND,GEN_ATTRIBUTE,PP_CATEGORY,OFFER_ID,OFFER_DESC,CSE_IND,OFFER_MGR,SOC_NETWORK,DATA_ONLY_IND,RIM_SERVICE_NAME,SERVICE_CATEGORY,PPU_IND,CONTRACT_GRP_CD,UMTS_COMPATIBILITY,POOLING_PROFILE,POOLING_TYPE,SOC_MAGIC_TYPE,RETIRING_GRP_PP_ID,TIME_PERIOD_SOC,PUB_TO_ATLAS_IND,INSR_SOC_TYPE,RSTR_PP_IND,CNTR_TYPE,FILTER_ATTRIBUTES,INCL_MINS,THREEG_REQ_IND,M2AN_MAX_LINE_NO,MRC_PRICE_POINT,LTE_IND,SOC_MED_DESC,SOC_LONG_DESC,ALLOWANCE,UOM,PRORATION_IND,INTL_ROAM_ALLOWANCE,INTL_ROAM_PRORATION_IND,INTL_ROAM_UOM,ATL_ATTR_NAME,EXCLUDED_IMEI_TYPES,TITAN_OFFER_ID,SUBSCRIPTION_CLASS,TITAN_ELIG_IND,DATA_GROUP_IND,NATIONAL_IND,SOC_DURATION,AMSPRODUCT,SUBCLASS_ID, 
BTCIA12E ,02-JAN-80,09-SEP-05,08-JUL-14,754883,TDMA1 ,T1406,,,M,A,11-NOV-00,,EXTENDED HOME AREA,O,C,,Y,,,,,,,,,,,,N,Y,Y,,,S,,N,N,,N,,,D,N,,,N,,,,,M,,99,Y,V,RESSOCREM;,,,,,,B,,,V2,,,N,,,,,,,,,,A012;NOBUTTONS;,,,,,,EXTENDED HOME AREA,,,,,,,,,,,,,,,,,, 
BTHMFTGB7,02-JAN-80,28-OCT-05,08-JUL-14,754992,TDMA1 ,T1406,,    ,M,A,11-NOV-00,,LOCAL LD,O,C, ,Y,,,,,,,,,,,,N,Y,Y,,,C,,N,N,,N,,,D,N,,  ,N,,,,,M,,99,Y,V,RESSOCREM;,,,,,,B,,,,,,B,,,,,,,,,,A022;NOBUTTONS;,,,,,,LOCAL LD,,,,,,,,,,,,,,,,,, 
BTDSAT2A ,02-JAN-80,28-JUL-05,08-JUL-14,754992,T1206 ,T1406,,BMC2,M,A,11-NOV-00,10-FEB-06,ADVANTAGE 50,P,C, ,N,,,,,0,12,0,0,0,N,,N,Y,Y,,,H,,N,N,,N,,,D,N,N,,,,,,,M,,99,Y,,,AAA,,,,,B,N,,V1,,STD,,,,,,,,,,,VOICE_PP;BUSINESS;,45,,,,,ADVANTAGE 50,,,,,,,,,,,,,,,,,, 
JUSU24ELA,02-JAN-80,24-JUN-05,08-JUL-14,754917,NBI2  ,T1406,1111,    ,M,A,11-NOV-00,,/KY ROAM,O,C, ,Y,,,,,,,,,,,,N,N,N,,,S,,N,N,S,N,,,D,N,,  ,N,,,,,M,,,Y,V,RESSOCREM;,,,,,,B,,,NC,,BLU,,,,,,,,,,,A023;NOBUTTONS;,,,,,,/KY ROAM,,,,,,,,,,,,,,,,,, 
BTHMFT1ST,02-JAN-80,28-OCT-05,08-JUL-14,754992,TDMA1 ,T1406,,    ,M,A,11-NOV-00,,LOCAL LD,O,C, ,Y,,,,,,,,,,,,N,Y,Y,,,C,,N,N,,N,,,D,N,,  ,N,,,,,M,,99,Y,V,RESSOCREM;,,,,,,B,,,,,,B,,,,,,,,,,A022;NOBUTTONS;,,,,,,LOCAL LD,,,,,,,,,,,,,,,,,, 
BTRN00060,02-JAN-80,29-JUN-06,08-JUL-14,754883,TDMA1 ,T1406,,,M,A,11-NOV-00,,Roam Rate $0.60,O,C,,Y,,,,,,,,,,,,N,N,N,,,R,,N,N,N,N,,,D,N,,,N,,,,,M,,99,Y,V,RESSOCREM;,,,,,,B,,,NC,,,N,,,N,,,,,,,A023;NOBUTTONS;,,,,,,Roam Rate $0.60,,,,,,,,,,,,,,,,,, 
I724     ,02-JAN-80,09-NOV-04,04-NOV-14,5947,T1206 ,T1410,,    ,M,A,28-NOV-06,,CCS - ccspbsb041,R,C, ,Y,,,,,,,,,,,,N,N,N,,,G,,,,,N,,,D,,,GG,N,,,,,M,,,Y,B,,,,,,,T,,,NC,,,B,,,,,,,,,,A016;,,,,,,CCS - ccspbsb041,,,,,,,,,Z2@Z6@Z9@Z1,14213179,,Y,,,,,, 
C7P974464,02-JAN-80,24-APR-07,08-JUL-14,11111,T1206 ,T1406,,    ,M,A,11-NOV-00,10-JUN-06,NIGHTS & WEEKENDS 500,R,C, ,N,,,,,,,,,,,,N,Y,Y,,,H,,N,N,,N,,,D,N,,,N,,,,,M,,,Y,V,ELIG_TYPE;,,,,,,T,,,V2,,,B,,,,,,,,,,A054;,,,,,,NIGHTS & WEEKENDS 500,,,,,,,,,,,,,,,,,, 
19RM     ,02-JAN-80,27-JAN-06,08-JUL-14,754883,CSM   ,T1406,,    ,M,A,11-NOV-00,,$0.19 IN ROAMING,O,C, ,Y,,,,,,,,,,,,N,N,N,,,R,,N,N,N,N,,,D,N,,  ,N,,,,,M,,,Y,V,RESSOCREM;,,,,,,O,,,V2,,,B,,,,,,,,,,A023;NOBUTTONS;,,,,,,$0.19 IN ROAMING,,,,,,,,,,913118129,,Y,,,,,, 
C17878080,02-JAN-80,24-APR-07,08-JUL-14,11111,T1206 ,T1406,,    ,M,A,11-NOV-00,10-JUN-06,NIGHTS & WEEKENDS UNL,R,C, ,N,,,,,,,,,,,,N,Y,Y,,,H,,N,N,,N,,,D,N,,,N,,,,,M,,,Y,V,ELIG_TYPE;,,,,,,T,,,V2,,,B,,,,,,,,,,A054;,,,,,,NIGHTS & WEEKENDS UNL,,,,,,,,,,,,,,,,,, 
10NWCP002,02-JAN-80,24-APR-07,08-JUL-14,11111,T1206 ,T1406,,    ,M,A,11-NOV-00,10-JUN-06,NIGHTS & WEEKENDS UNL,R,C, ,N,,,,,,,,,,,,N,Y,Y,,,H,,N,N,,N,,,D,N,,,N,,,,,M,,,Y,V,ELIG_TYPE;,,,,,,T,,,V2,,,B,,,,,,,,,,A054;,,,,,,NIGHTS & WEEKENDS UNL,,,,,,,,,,,,,,,,,, 
GPRSXXX3C,02-JAN-80,08-FEB-06,08-JUL-14,754992,T1206 ,T1406,,DEF ,M,A,01-FEB-98,10-JUN-06,GPRS SERVICE ONLY,P,C, ,N,,,,,0,0,0,0,0,N,,N,Y,Y,,,H,,N,N,,N,,,D,N,N,,,,,,,M,,,Y,,,AAA,,,,,O,N,,D1,,STD,,,,,,,,,,,,,,,,,GPRS SERVICE ONLY,,,,,,,,,,,,,,,,,, 
ODNBRW008,02-JAN-80,15-JUN-05,08-JUL-14,11111,T1206 ,T1406,1111,DEF ,M,A,16-JUN-05,,OBFRRGN1KM/NW,P,C, ,N,,,,,0,24,0,0,0,N,,N,Y,Y,,,H,,,,,N,,,D,,N,,,,,,,M,,A1,Y,,B2B_TYPE;ELIG_TYPE;VM:BASIC;BVM;,AAA,,,Y,,O,,,V1,,STD,,,,,,,,,,,,,,,,,OBFRRGN1KM/NW,,,,,,,,,,,,,,,,,, 
RDTP7999N,02-JAN-80,13-APR-05,08-JUL-14,754992,T1206 ,T1406,,    ,M,A,11-NOV-00,,Data Services,N,C, ,Y,,,,,,,,,,,,N,Y,Y,,,G,,N,N,,N,,,D,N,,GG,N,,,,,M,,,Y,B,POOLEDDATA;RESSOCREM;FBF_XXX_LMT_GPR;,,44864,DGPRS POOL 40MB $79.99MRC $0.002KB ADDL - B,,,B,,,D2,N,,,1881,D,,,,,,,,,,,,,,Data Services,,,,,,,,,,,,,,,,,, 
QI3515S  ,02-JAN-80,04-DEC-06,08-JUL-14,754925,T1206 ,T1406,,    ,M,A,11-NOV-00,10-JUN-06,INCOLLECT DEFAULT TOLL $.35 FLAT             ,R,C, ,N,,,,,,,,,,,,N,Y,Y,,,M,,N,N,,N,,,D,N,,  ,N,,,,,M,,,Y,V,,,,,,,T,,,NC,N,,B,,,N,,,N,,,,A022;,,,,,,INCOLLECT DEFAULT TOLL $.35 FLAT             ,,,,,,,,,,,,,,,,,, 
BTW13660S,02-JAN-80,29-JUN-06,04-NOV-14,754883,TDMA1 ,T1410,,,M,A,11-NOV-00,,Roam Rate $0.60,O,C,,Y,,,,,,,,,,,,N,N,N,,,R,,N,N,N,N,,,D,N,,,N,G,,,,M,,99,Y,V,RESSOCREM;,,,,,,B,,,NC,,,N,,,N,,,,,,,A023;NOBUTTONS;,,,,,,Roam Rate $0.60,,,,,,,,,,,*;,,,,,,, 
BTXXLD13 ,02-JAN-80,28-OCT-05,08-JUL-14,754992,T1206 ,T1406,,BMC ,M,A,11-NOV-00,10-FEB-06,REGIONAL ADVTG 200,P,C, ,N,,,,,0,12,0,0,0,N,,N,Y,Y,,,H,,N,N,,N,,,D,N,N,,,,,,,M,,99,Y,,,AAA,,,,,B,N,,V1,,004,,,,,,,,,,,VOICE_PP;CONSUMER;,200,,,,,REGIONAL ADVTG 200,,,,,,,,,,,,,,,,,, 
ODNR00015,02-JAN-80,15-JUN-05,08-JUL-14,11111,T1206 ,T1406,1111,DEF ,M,A,16-JUN-05,,ORGN250,P,C, ,N,,,,,0,24,0,0,0,N,,N,Y,Y,,,H,,,,,N,,,D,,N,,,,,,,M,,A1,Y,,B2B_TYPE;VM:BASIC;BVM;,AAA,,,Y,,O,,,V1,,STD,,,,,,,,,,,,,,,,,ORGN250,,,,,,,,,,,,,,,,,, 
BTXXFR110,02-JAN-80,03-AUG-05,08-JUL-14,754992,T1206 ,T1406,,BMC ,M,A,11-NOV-00,10-FEB-06,FLAT RATE ADVTG 11,P,C, ,N,,,,,0,12,0,0,0,N,,N,Y,Y,,,H,,N,N,,N,,,D,N,N,,,,,,,M,,99,Y,,,AAA,,,,,B,N,,V1,,STD,,,,,,,,,,,VOICE_PP;CONSUMER;,0,,,,,FLAT RATE ADVTG 11,,,,,,,,,,,,,,,,,, 
MN06XXX3N,02-JAN-80,23-JAN-06,08-JUL-14,754992,T1206 ,T1406,,DEF ,M,A,11-NOV-00,10-JUN-06,/NATION 1500                                 ,P,C, ,N,,,,,0,0,0,0,0,N,,N,Y,Y,,,H,,N,N,,N,,,D,N,N,,,,,,,M,,,Y,,,AAA,,,,,O,N,,V1,,STD,,,,,,,,,,,VOICE_PP;CONSUMER;,1500,,,,,/NATION 1500                                 ,,,,,,,,,,,,,,,,,, 
ZTXT10019,02-JAN-80,16-MAR-05,08-JUL-14,754917,ATLS6 ,T1406,,    ,M,A,11-NOV-00,10-FEB-06,1000 Text Messages,R,C, ,Y,,,,,,,,,,,,N,Y,Y,,,H,,N,N,,N,,,D,N,,,N,,,,,M,,,Y,B,,,61111,SMS SINGLE LINE 1000MSG $0MRC $0.10 ADDL - B,,,B,,,D3,,BLU,,,,,,,,,,,A066;,,,,,,1000 Text Messages,,,,,,,,,,,,,,,,,, 
SOHGNELAS,02-JAN-80,30-JAN-04,04-NOV-14,11111,RLEASE,T1410,1111,    ,M,A,01-NOV-02,,GSM Coverage Area             ,O,C, ,Y,,,,,,,,,,,,N,N,N,,,D,,N,N,S,N,,,D,N,,  ,N,G,,,,M,,,Y,V,RESSOCREM;,,,,,,T,,,NC,,,,,,,,,,,,,A012;NOBUTTONS;,,,,,,GSM Coverage Area             ,,,,,,,,,,,*;,,,,,,, 
BTHMCUML2,02-JAN-80,28-OCT-05,08-JUL-14,754992,TDMA1 ,T1406,,    ,M,A,11-NOV-00,,LOCAL LD,O,C, ,Y,,,,,,,,,,,,N,Y,Y,,,C,,N,N,,N,,,D,N,,  ,N,,,,,M,,99,Y,V,RESSOCREM;,,,,,,B,,,,,,B,,,,,,,,,,A022;NOBUTTONS;,,,,,,LOCAL LD,,,,,,,,,,,,,,,,,, 
XNTPDCBO ,02-JAN-80,01-MAR-05,08-JUL-14,754992,T1206 ,T1406,,BLU ,M,A,11-NOV-00,10-FEB-06,National Pooled 970,P,C, ,N,,,,,0,12,0,0,0,N,,N,Y,Y,,,H,,N,N,,N,,,D,N,N,,,,,,,M,,,Y,,ELIG_TYPE;VM:BASIC;BVM;,AAA,,,,,B,,,V1,,BLU,,,,,,,,,,,VOICE_PP;BUSINESS;,970,,,,,National Pooled 970,,,,,,,,,,,,,,,,,, 
BTHCEA6DA,02-JAN-80,28-OCT-05,08-JUL-14,754992,TDMA1 ,T1406,,    ,M,A,11-NOV-00,,LOCAL LD,O,C, ,Y,,,,,,,,,,,,N,Y,Y,,,C,,N,N,,N,,,D,N,,  ,N,,,,,M,,99,Y,V,RESSOCREM;,,,,,,B,,,,,,B,,,,,,,,,,A022;NOBUTTONS;,,,,,,LOCAL LD,,,,,,,,,,,,,,,,,, 
WABP007  ,02-JAN-80,19-NOV-04,08-JUL-14,11111,T1206 ,T1406,1111,DEF ,M,A,14-AUG-03,10-JUN-06,BBBPPN7500 5                  ,P,P, ,N,,,,,0,24,0,0,0,N,,N,Y,Y,,,H,,,,,N,,,D,,N,,,,,,,M,,,Y,,B2B_TYPE;BANLVLSH;VM:BASIC;BVM;,AAA,,,,,O,,,V1,,STD,,,,,,,,,,,VOICE_PP;BUSINESS;,7500,,,,,BBBPPN7500 5                  ,,,,,,,,,,,,,,,,,, 
ILODNB18 ,02-JAN-80,26-JUL-06,08-JUL-14,11111,T1206 ,T1406,1111,DEF ,M,A,16-JUN-05,10-JUN-06,OBFRNTN,P,C, ,N,,,,,0,24,0,0,0,N,,N,Y,Y,,,H,,,,,N,,,D,,N,,,,,,,M,,A1,Y,,B2B_TYPE;ELIG_TYPE;VM:BASIC;BVM;,AAA,,,Y,,O,,,V1,,STD,,,,,,,,,,,VOICE_PP;BUSINESS;,0,,,,,OBFRNTN,,,,,,,,,,,,,,,,,, 
C96978452,02-JAN-80,24-APR-07,08-JUL-14,11111,T1206 ,T1406,,    ,M,A,11-NOV-00,10-JUN-06,NIGHTS & WEEKENDS UNL,R,C, ,N,,,,,,,,,,,,N,Y,Y,,,H,,N,N,,N,,,D,N,,,N,,,,,M,,,Y,V,ELIG_TYPE;,,,,,,T,,,V2,,,B,,,,,,,,,,A054;,,,,,,NIGHTS & WEEKENDS UNL,,,,,,,,,,,,,,,,,, 
NWB4377NW,02-JAN-80,29-APR-07,08-JUL-14,11111,T1206 ,T1406,,    ,M,A,11-NOV-00,,NIGHTS & WEEKENDS 250,O,C, ,Y,,,,,,,,,,,,N,Y,Y,,,H,,N,N,,N,,,D,N,,,N,S,,,,M,,,Y,V,ELIG_TYPE;FBF_XXX_LMT_NW;,,,,,,T,,,V2,,,B,,,,,,,,,,A054;,,,,,,NIGHTS & WEEKENDS 250,,,,,,,,,,,,,,,,,, 
BTRN40060,02-JAN-80,29-JUN-06,08-JUL-14,754883,TDMA1 ,T1406,,,M,A,11-NOV-00,,Roam Rate $0.60,O,C,,Y,,,,,,,,,,,,N,N,N,,,R,,N,N,N,N,,,D,N,,,N,,,,,M,,99,Y,V,RESSOCREM;,,,,,,B,,,NC,,,N,,,N,,,,,,,A023;NOBUTTONS;,,,,,,Roam Rate $0.60,,,,,,,,,,,,,,,,,, 
PACP6N5  ,02-JAN-80,06-AUG-03,04-NOV-14,11111,T1206 ,T1410,1111,DEF ,M,A,15-JAN-03,10-JUN-06,Pref Nat 1000R/5000           ,P,C, ,Y,,,,,0,24,0,0,0,N,,N,Y,Y,,,H,,,,,N,,,D,,N,,,,,,,M,,,Y,,ELIG_TYPE;CAP_MINS1000;FBF_PRD_LMTD;FBF_XXX_LMT_NW;,AAA,,,,,O,,,V1,,STD,,,,,,,,,,,VOICE_PP;CONSUMER;,1000,,,,,Pref Nat 1000R/5000           ,,,,,,,,,Z2@Z6@Z9@Z1,,,,,,,,, 
R051C1260,02-JAN-80,07-FEB-07,08-JUL-14,11111,T1206 ,T1406,,    ,M,A,11-NOV-00,10-JUN-06,/W/ES & NIGHTS 10-7 ,R,C, ,N,,,,,,,,,,,,N,Y,Y,,,H,,N,N,,N,,,D,N,,,N,,,,,M,,,Y,V,ELIG_TYPE;,,,,,,T,,,V2,,,B,,,,,,,,,,A054;,,,,,,/W/ES & NIGHTS 10-7 ,,,,,,,,,,,,,,,,,, 
C86871415,02-JAN-80,24-APR-07,08-JUL-14,11111,T1206 ,T1406,,    ,M,A,11-NOV-00,10-JUN-06,NIGHTS & WEEKENDS UNL,R,C, ,N,,,,,,,,,,,,N,Y,Y,,,H,,N,N,,N,,,D,N,,,N,,,,,M,,,Y,V,ELIG_TYPE;,,,,,,T,,,V2,,,B,,,,,,,,,,A054;,,,,,,NIGHTS & WEEKENDS UNL,,,,,,,,,,,,,,,,,, 
BBBW4    ,02-JAN-80,17-JAN-06,08-JUL-14,11111,T1206 ,T1406,1111,    ,M,A,17-JAN-06,,BB4MBBusiness,N,C,,Y,,,,,,,,,,,,N,Y,Y,,,G,,,,,N,,,D,,,GG,N,,,,,M,,,Y,B,RESSOCREM;FBF_XXX_LMT_GPR;,,59370,GPRS BB BUSINESS ALL2 4MB $0.005KB ADDL,,C,O,,4700,NC,,,,,,,,,,,,,,,,,,,BB4MBBusiness,,,,,,,,,,59370,,Y,,,,,, 
D05FXXA2N,02-JAN-80,02-FEB-06,08-JUL-14,754926,T1206 ,T1406,,DEF ,M,A,11-NOV-00,10-JUN-06,/FT9 NGSM4000RUMM UNW                        ,P,P, ,N,,,,6000,0,0,0,0,0,N,,N,Y,Y,,,H,,N,N,,N,,,D,N,N,,,,,,,M,,,Y,,,AAA,,,,,O,N,,V1,,STD,,,,,,,,,,,VOICE_PP;CONSUMER;,4000,,,,,/FT9 NGSM4000RUMM UNW                        ,,,,,,,,,,,,,,,,,, 
NWF2864NW,02-JAN-80,29-APR-07,08-JUL-14,11111,T1206 ,T1406,,    ,M,A,11-NOV-00,,NIGHTS & WEEKENDS 5K,O,C, ,Y,,,,,,,,,,,,N,Y,Y,,,H,,N,N,,N,,,D,N,,,N,S,,,,M,,,Y,V,ELIG_TYPE;FBF_XXX_LMT_NW;,,,,,,T,,,V2,,,B,,,,,,,,,,A054;,,,,,,NIGHTS & WEEKENDS 5K,,,,,,,,,,,,,,,,,, 
C67871540,02-JAN-80,24-APR-07,08-JUL-14,11111,T1206 ,T1406,,    ,M,A,11-NOV-00,10-JUN-06,NIGHTS & WEEKENDS 1K,R,C, ,N,,,,,,,,,,,,N,Y,Y,,,H,,N,N,,N,,,D,N,,,N,,,,,M,,,Y,V,ELIG_TYPE;,,,,,,T,,,V2,,,B,,,,,,,,,,A054;,,,,,,NIGHTS & WEEKENDS 1K,,,,,,,,,,,,,,,,,, 
CNRT34S  ,02-JAN-80,04-DEC-06,04-NOV-14,754925,T1206 ,T1410,,    ,M,A,11-NOV-00,10-JUN-06,NO LONG DISTANCE WHILE ROAMING               ,R,C, ,Y,,,,,,,,,,,,N,N,N,,,M,,N,N,,N,,,D,N,,  ,N,,,,,M,,,Y,V,,,,,,,T,,,NC,N,,B,,,N,,,N,,,,A022;,,,,,,NO LONG DISTANCE WHILE ROAMING               ,,,,,,,,,Z2@Z6@Z9@Z1,,,,,,,,, 
NW019799 ,02-JAN-80,08-FEB-07,08-JUL-14,11111,T1206 ,T1406,,    ,M,A,01-FEB-98,10-JUN-06,NIGHTS & WEEKENDS 1K,R,C, ,N,,,,,,,,,,,,N,Y,Y,,,H,,N,N,,N,,,D,N,,,N,,,,,M,,,Y,V,ELIG_TYPE;REM_IF_DATAGRP_DUP;,,,,,,T,,,V2,,,B,,,,,,,,,,A054;,,,,,,NIGHTS & WEEKENDS 1K,,,,,,,,,,14037829,,Y,,,,,, 
SLM1XDX1N,02-JAN-80,23-JAN-06,08-JUL-14,754992,T1206 ,T1406,,DEF ,M,A,11-NOV-00,10-JUN-06,/BUSINESS DIGITAL 175                        ,P,C, ,N,,,,,0,0,0,0,0,N,,N,Y,Y,,,H,,N,N,,N,,,D,N,N,,,,,,,M,,,Y,,B2B_TYPE;,AAA,,,,,O,N,,V1,,STD,,,,,,,,,,,VOICE_PP;BUSINESS;,0,,,,,/BUSINESS DIGITAL 175                        ,,,,,,,,,,,,,,,,,, 
IM03NC   ,02-JAN-80,09-NOV-06,04-NOV-14,11111,T1206 ,T1410,1111,    ,M,A,11-NOV-00,10-JUN-06,100 Text Messages,R,C, ,Y,,,,,,,,,,,,N,Y,Y,,,H,,N,N,,N,,,D,N,,,N,,,,,M,,,Y,B,FBF_XXX_LMT_SMS;REM_IF_DATAGRP_DUP;,,41619,SMS VAR11 100MSGS $0.1ADDL,,C,T,,,NC,,,,,,,,,,,,,A066;,,,,,,100 Text Messages,,,,,,,,,Z2@Z6@Z9@Z1,41619,,Y,,,,,, 
JUJO7799 ,02-JAN-80,08-FEB-07,08-JUL-14,11111,T1206 ,T1406,,    ,M,A,01-FEB-98,10-JUN-06,NIGHTS & WEEKENDS 1K,R,C, ,N,,,,,,,,,,,,N,Y,Y,,,H,,N,N,,N,,,D,N,,,N,,,,,M,,,Y,V,ELIG_TYPE;,,,,,,T,,,V2,,BLU,,,,,,,,,,,A054;,,,,,,NIGHTS & WEEKENDS 1K,,,,,,,,,,,,,,,,,, 
FNH5XXX2C,02-JAN-80,11-FEB-05,04-NOV-14,11111,T1206 ,T1410,1111,DEF ,M,A,01-FEB-98,10-JUN-06,FT NGAIT 1500R 5KNW           ,P,C, ,N,,,,,0,24,0,0,0,N,,N,Y,Y,,,H,,N,N,,N,,,D,N,N,,,G,,,,M,5,,Y,,ELIG_TYPE;CAP_MINS1500;VM:BASIC;BVM;,AAA,,,,,O,,,V1,,STD,,,,,,,,,,,,,,,,,FT NGAIT 1500R 5KNW           ,,,,,,,,,,,*;,,,,,,, 
CSV4XXX1C,02-JAN-80,28-DEC-05,08-JUL-14,754992,T1206 ,T1406,,DEF ,M,A,01-FEB-98,10-JUN-06,AFSTNAT2000RUNWUMM,P,C, ,N,,,,,0,24,0,0,0,N,,N,Y,Y,,,H,,N,N,,N,,,D,N,N,,,,,,,M,,,Y,,ELIG_TYPE;CAP_MINS2000;,AAA,,,,,O,N,,V1,,STD,,,,,,,,,,,,,,,,,AFSTNAT2000RUNWUMM,,,,,,,,,,,,,,,,,, 
HCODNN35 ,02-JAN-80,26-JUL-06,08-JUL-14,11111,T1206 ,T1406,1111,DEF ,M,A,16-JUN-05,10-JUN-06,OFRNTN,P,C, ,N,,,,,0,24,0,0,0,N,,N,Y,Y,,,H,,,,,N,,,D,,N,,,,,,,M,,A1,Y,,B2B_TYPE;ELIG_TYPE;VM:BASIC;BVM;,AAA,,,Y,,O,,,V1,,STD,,,,,,,,,,,VOICE_PP;BUSINESS;,0,,,,,OFRNTN,,,,,,,,,,,,,,,,,, 
BTRM1029S,02-JAN-80,29-JUN-06,04-NOV-14,754883,TDMA1 ,T1410,,    ,M,A,11-NOV-00,,Roam Rate $0.99,O,C,,Y,,,,,,,,,,,,N,N,N,,,R,,N,N,N,N,,,D,N,,,N,G,,,,M,,99,Y,V,RESSOCREM;,,,,,,B,,,NC,,,N,,,N,,,,,,,A023;NOBUTTONS;,,,,,,Roam Rate $0.99,,,,,,,,,,,*;,,,,,,, 
NYFN5N6  ,02-JAN-80,10-FEB-05,04-NOV-14,11111,NBI3  ,T1410,1111,NEW ,M,A,17-SEP-04,10-JUN-06,FT9NATP 850RUMMUNW7,P,C, ,Y,,,,,0,24,0,0,0,N,,N,Y,Y,,,H,,,,,N,,,D,,N,,,G,,,,M,5,,Y,,CAP_MINS850;,AAA,,,N,,O,,,V1,,032,,,,,,,,,,,VOICE_PP;CONSUMER;,850,,,,,FT9NATP 850RUMMUNW7,,,,,,,,,,,*;,,,,,,, 
NYUNLM001,02-JAN-80,05-MAR-07,08-JUL-14,11111,T1206 ,T1406,1111,    ,M,A,02-JAN-80,15-FEB-07,Unlimited DomesticLD,B,C,,N, ,         ,,0,0,0,0,0,0,N, , ,Y,Y,,,C,,,,,,,,A,,,  ,,,,,,M,,,Y,V,,,,,,,T,,,NC,,,,,,,,,,,,,,,,,,,Unlimited DomesticLD,,,,,,,,,,,,,,,,,, 
CBP07    ,02-JAN-80,26-FEB-07,08-JUL-14,754931,T1206 ,T1406,,    ,M,A,11-NOV-00,10-JUN-06,1 MNTH UNL MNET 1M,S,C,,N, ,         ,,0,0,0,0,0,0,N, ,N,Y,Y,,,H,,N,N,,N,,,D,N,,,,,,,,M,,A1,Y,B,B2B_TYPE;,,,,,,O,,,D2,,,B,,,,,,,,,,,,,,,,1 MNTH UNL MNET 1M,,,,,,,,,,,,,,,,,, 
BTXX7GC  ,02-JAN-80,03-AUG-05,08-JUL-14,754992,T1206 ,T1406,,BMC ,M,A,11-NOV-00,10-FEB-06,GROUP CALLING T 1200,P,C, ,N,,,,,0,12,0,0,0,N,,N,Y,Y,,,H,,N,N,,N,,,D,N,N,,,,,,,M,,99,Y,,,AAA,,,,,B,N,,V1,,STD,,,,,,,,,,,VOICE_PP;BUSINESS;,1200,,,,,GROUP CALLING T 1200,,,,,,,,,,,,,,,,,, 
BTXXNLX18,02-JAN-80,28-OCT-05,08-JUL-14,754992,T1206 ,T1406,,BMC ,M,A,11-NOV-00,10-FEB-06,NATIONAL PLAN 650,P,C, ,N,,,,,0,12,0,0,0,N,,N,Y,Y,,,H,,N,N,,N,,,D,N,N,,,,,,,M,,99,Y,,,AAA,,,,,B,N,,V1,,BLU,,,,,,,,,,,VOICE_PP;CONSUMER;,650,,,,,NATIONAL PLAN 650,,,,,,,,,,,,,,,,,, 
PAAMP000 ,02-JAN-80,08-MAR-05,08-JUL-14,11111,T1206 ,T1406,1111,    ,M,A,02-JAN-80,16-MAR-01,VOICE MAIL & PAGER,R,C,,N,,,,,,,,,,,,N,Y,Y,,,H,,,,N,N,,,D,,,,,,,,,M,,,Y,V,VM:BASIC;BVM;,,,,,,T,,,NC,,,,,,,,,,,,,,,,,,,VOICE MAIL & PAGER,,,,,,,,,,,,,,,,,, 
NBJ4XXX1N,02-JAN-80,02-FEB-06,04-NOV-14,754926,T1206 ,T1410,,DEF ,M,A,11-NOV-00,10-JUN-06,AFBUSH54NAT3000RUNWM                         ,P,C, ,N,,,,0,0,0,0,0,0,N,,N,Y,Y,,,H,,N,N,,N,,,D,N,N,,,G,,,,M,5,,Y,,CAP_MINS3000;,AAA,,,,,O,N,,V1,,STD,,,,,,,,,,,VOICE_PP;BUSINESS;,3000,,,,,AFBUSH54NAT3000RUNWM                         ,,,,,,,,,,,*;,,,,,,, 
CMTR22   ,02-JAN-80,16-JAN-06,08-JUL-14,754883,NBI2  ,T1406,,    ,M,A,11-NOV-00,,PA Extended Home Toll,O,C, ,Y,,,,,,,,,,,,N,Y,Y,,,O,,N,N,,N,,,D,N,,  ,N,,,,,M,,,Y,V,RESSOCREM;,,,,,,O,,,V2,,,B,,,,,,,,,,A022;NOBUTTONS;,,,,,,PA Extended Home Toll,,,,,,,,,,,,,,,,,, 
DOHGAN3HA,02-JAN-80,18-DEC-07,24-NOV-14,30027498,T1206 ,uj178,,DEF ,M,A,30-JUL-10,30-JUL-10,D ANYWHR 300 LOCAL,P,C, ,N,,,,,0,24,0,0,0,N,,N,Y,Y,,,H,,,,,N,,,D,,N,,,,,,,M,,W8@W7@W6@W5@W4@W3@W2@W1@W0@U4@U3@U2@U1@S2@S1@Q8@Q4@P8@M8@L8@L5@L4@D3@D2@D1@B8@B4,Y,,ELIG_TYPE;CONV_DOB;FBF_CMB_NFR;,AAA,,,,,O,N,,V1,,STD,,,,,1008LC04,,,,,,VOICE_PP;CONSUMER;,300,,,,,D ANYWHR 300 LOCAL,,,,,,,,,,,,,,,,,, 
PRFC002  ,02-JAN-80,30-AUG-10,14-JUL-14,77099133,T1206 ,gr260,,    ,M,A,03-SEP-10,06-MAY-14,MBL FORMSPRO 2USER,R,C, ,Y,,,,,,,,,,,,N,Y,N,,,H,,,,,N,,,D,,,,N,,,,,G,,A1,Y,B,B2B_TYPE;RTP;UPG_EQU_MRC_CALC;IRU_RESTRICTED;BUSELG;,,,,,,O,,,M1,,,B,,,N,,,Y,,,RBS,A070;,,Y,,,,Mobile Forms professional 2 User License,,,,,,,,,,14038739,,N,,Y,,,, 
ZDCP39V04,02-JAN-80,02-FEB-06,24-NOV-14,754926,T1206 ,uj178,,DEF ,M,A,23-NOV-09,23-JUN-10,BUS VALUE LOCAL 55,P,C, ,N,,,,,0,0,0,0,0,N,,N,Y,Y,,,H,,N,N,,N,,,D,N,N,,,,,,,M,,,Y,,ELIG_TYPE;VM:BASIC;BVM;CONV_ALLTEL;CONV_ZOD_ALIST;,AAA,,,,,O,N,,V1,,STD,,,V,,,,,,,,VOICE_PP;CONSUMER;,1200,,,,,BUS VALUE LOCAL 55,,,,,,,,,Z2@Z6@Z9@Z1,,,,,,,,, 
STAMP000 ,02-JAN-80,08-MAR-05,08-JUL-14,11111,T1206 ,T1406,1111,    ,M,A,02-JAN-80,10-JUN-06,Message Plus,R,C,,Y,,,,,,,,,,,,,Y,Y,,,H,,,,N,Y,,,A,,,,,,,,,C,,,Y,V,VM:BASIC;BVM;,,,,,,T,,,V2,,,N,,,,,,,,,,A079;,,,,,,Message Plus,,,,,,,,,,,,,,,,,, 
BTW37R99 ,02-JAN-80,29-JUN-06,08-JUL-14,754883,TDMA1 ,T1406,,,M,A,11-NOV-00,,Roam Rate $0.99,O,C,,Y,,,,,,,,,,,,N,N,N,,,R,,N,N,N,N,,,D,N,,,N,,,,,M,,99,Y,V,RESSOCREM;,,,,,,B,,,NC,,,N,,,N,,,,,,,A023;NOBUTTONS;,,,,,,Roam Rate $0.99,,,,,,,,,,,,,,,,,, 
ILCN2501 ,02-JAN-80,18-SEP-06,08-JUL-14,11111,T1206 ,T1406,1111,DEF ,M,A,31-MAY-02,10-JUN-06,AT&T NATION 250,P,C, ,N,,,,,0,12,0,0,0,N,,N,Y,Y,,,H,,,,,N,,,D,,N,,,,,,,M,,,Y,,VM:BASIC;BVM;FBF_XXX_LMT_NW;,AAA,,,,,O,,,V1,,STD,,,,,,,,,,,VOICE_PP;CONSUMER;,250,,,,,AT&T NATION 250,,,,,,,,,Z2@Z6@Z9,,,,,,,,, 
CW450MMB ,02-JAN-80,19-JUL-07,08-JUL-14,991159,T1206 ,T1406,,DEF ,M,A,28-FEB-01,10-JUN-06,AT&T WA 450MMB ,P,P, ,N,,,,,0,12,0,0,0,N,,N,Y,Y,,,H,,,,,N,,,D,,N,,,,,,,M,,,Y,,,AAA,,,,,O,,,V1,,STD,,,,,,,,,,,DATA_VOICE;CONSUMER;,0,,,,,AT&T WA 450MMB ,,,,,,,,,,,,,,,,,, 
PVXX180AX,02-JAN-80,16-MAR-05,08-JUL-14,754992,T1206 ,T1406,,    ,M,A,11-NOV-00,,180 Additional Mins,O,C, ,Y,,,,,,,,,,,,N,Y,Y,,,H,,N,N,,N,,,D,N,,,N,,,,,M,,,Y,V,RESSOCREM;FBF_ADD;,,,,,,B,,,NC,,BLU,,,,,,,,,,,A003;NOBUTTONS;,,,,,,180 Additional Mins,,,,,,,,,,,,,,,,,, 
LATXPS000,02-JAN-80,08-MAR-04,04-NOV-14,11111,NBI3  ,T1410,1111,    ,M,A,07-FEB-03,,Texas Statewide Plus          ,O,C, ,Y,,,,,,,,,,,,N,N,N,,,D,,,N,N,N,,,D,N,,  ,N,G,,,,M,,,Y,V,RESSOCREM;,,,,,,T,,,NC,,,,,,,,,,,,,A012;NOBUTTONS;,,,,,,Texas Statewide Plus          ,,,,,,,,,,,*;,,,,,,, 
C17971013,02-JAN-80,24-APR-07,08-JUL-14,11111,T1206 ,T1406,,    ,M,A,11-NOV-00,10-JUN-06,NIGHT/WKNDS 3500,R,C, ,N,,,,,,,,,,,,N,Y,Y,,,H,,N,N,,N,,,D,N,,,N,,,,,M,,,Y,V,ELIG_TYPE;,,,,,,T,,,V2,,,B,,,,,,,,,,A054;,,,,,,NIGHT/WKNDS 3500,,,,,,,,,,,,,,,,,, 
OKCR2N00 ,02-JAN-80,26-OCT-04,04-NOV-14,11111,T1206 ,T1410,1111,DEF ,M,A,01-FEB-04,10-JUN-06,REGSM 300 1KNW                ,P,C, ,Y,,,,,0,24,0,0,0,N,,N,Y,Y,,,H,,,,,N,,,D,,N,,,,,,,M,,A1,Y,,VM:BASIC;BVM;FBF_CMB_NFR;,AAA,,,,,O,,,V1,,STD,,,,,,,,,,,VOICE_PP;CONSUMER;,300,,,,,REGSM 300 1KNW                ,,,,,,,,,Z2@Z6@Z9@Z1,,,,,,,,, 
AR7RM14  ,02-JAN-80,08-MAR-05,08-JUL-14,11111,NBI3  ,T1406,1111,    ,M,A,15-MAY-03,,1800 Rollover Mins,O,C, ,Y,,,,,,,,,,,,N,Y,Y,,,H,,,,,N,,,D,,,,Y,S,,,,M,,,Y,V,RESSOCREM;,,,,,,T,,,NC,,,,,,,,,,,,,A003;NOBUTTONS;,,,,,,1800 Rollover Mins,,,,,,,,,,,,,,,,,, 
GLCN3N00 ,02-JAN-80,01-JAN-80,04-NOV-14,991573,T1206 ,T1410,,DEF ,M,A,02-JAN-80,10-JUN-06,Nation 250/3500               ,P,C, ,Y,,,,,0,12,0,0,0,N,,N,Y,Y,,,H,,,,,N,,,D,,N,,,,,,,M,,,Y,,FBF_PRD_LMTD;,AAA,,,,,O,,,V1,,001,,,,,,,,,,,VOICE_PP;CONSUMER;,250,,,,,Nation 250/3500               ,,,,,,,,,Z2@Z6@Z9@Z1,,,,,,,,, 
OKCF29000,02-JAN-80,23-DEC-05,08-JUL-14,11111,T1206 ,T1406,1111,    ,M,A,31-JUL-01,10-JUN-06,CALL FORWARDING               ,R,C,,N,,,,,,,,,,,,N,Y,Y,,,H,,,,,N, ,,A,,,,N,,,,,M,,,Y,V,,,,,,,T,,,V2,,,,,,,,,,,,,A006;,,,,,,CALL FORWARDING               ,,,,,,,,,,,,,,,,,, 
JUSW05ELS,02-JAN-80,02-NOV-06,08-JUL-14,754931,T1206 ,T1406,,    ,M,A,11-NOV-00,10-JUN-06,/TN ROAM,R,C, ,N,,,,,,,,,,,,N,N,N,,,S,,N,N,S,N,,,D,N,,  ,N,,,,,M,,,Y,V,,,,,,,B,,,NC,,BLU,,,,,,,,,,,A012;,,,,,,/TN ROAM,,,,,,,,,,,,,,,,,, 
NYFN7N4  ,02-JAN-80,24-AUG-05,04-NOV-14,11111,T1206 ,T1410,1111,NEW ,M,A,01-SEP-05,10-JUN-06,FT9NAT4000RUNW,P,C, ,N,,,,,0,24,0,0,0,N,,N,Y,Y,,,H,,,,,N,,,D,,N,,,G,,,,M,5,,Y,,ELIG_TYPE;CAP_MINS4000;VM:BASIC;BVM;,AAA,,,Y,,O,,,V1,,032,,,,,,,,,,,VOICE_PP;CONSUMER;,4000,,,,,FT9NAT4000RUNW,,,,,,,,,,,*;,,,,,,, 
DORM1HM35,02-JAN-80,12-JUN-08,08-JUL-14,11111,CSM   ,T1406,1111,    ,M,A,13-JUN-08,,100 Roam Minutes,O,C, ,Y,,,,,,,,,,,,N,N,N,,,R,,,N,N,N,,,D,,,  ,N,,,,,M,,,Y,V,RESSOCREM;,,,,,,O,,,NC,,,B,,,,,,N,,,,NOBUTTONS;A023;,,,,,,100 Additional,,,,,,,,,,14322559,,Y,,,,,, 
C67979694,02-JAN-80,24-APR-07,08-JUL-14,11111,T1206 ,T1406,,    ,M,A,11-NOV-00,10-JUN-06,NIGHTS & WEEKENDS 3K,R,C, ,N,,,,,,,,,,,,N,Y,Y,,,H,,N,N,,N,,,D,N,,,N,,,,,M,,,Y,V,ELIG_TYPE;,,,,,,T,,,V2,,,B,,,,,,,,,,A054;,,,,,,NIGHTS & WEEKENDS 3K,,,,,,,,,,,,,,,,,, 
HPR3XXX1N,02-JAN-80,02-FEB-06,04-NOV-14,754926,NBI2  ,T1410,,DEF ,M,A,11-NOV-00,10-JUN-06,/FT HOME 900R PROMO                          ,P,C, ,N,,,,0,0,0,0,0,0,N,,N,Y,Y,,,H,,N,N,,N,,,D,N,N,,,G,,,,M,5,,Y,,CAP_MINS900;,AAA,,,,,O,N,,V1,,STD,,,,,,,,,,,VOICE_PP;CONSUMER;,900,,,,,/FT HOME 900R PROMO                          ,,,,,,,,,,,*;,,,,,,, 
C16979544,02-JAN-80,24-APR-07,08-JUL-14,11111,T1206 ,T1406,,    ,M,A,11-NOV-00,10-JUN-06,NIGHTS & WEEKENDS 100,R,C, ,N,,,,,,,,,,,,N,Y,Y,,,H,,N,N,,N,,,D,N,,,N,,,,,M,,,Y,V,ELIG_TYPE;,,,,,,T,,,V2,,,B,,,,,,,,,,A054;,,,,,,NIGHTS & WEEKENDS 100,,,,,,,,,,,,,,,,,, 
STLD22SS ,02-JAN-80,31-AUG-07,04-NOV-14,11111,SE    ,T1410,1111,    ,M,A,11-NOV-00,,H GSM KY STATE LD,O,C, ,Y,,,,,,,,,,,,N,Y,Y,,,O,,N,N,,N,,,D,N,,  ,N,G,,,,M,,,Y,V,RESSOCREM;,,,,,,T,,,V2,,,B,,,,,,,,,,A022;NOBUTTONS;,,,,,,H GSM KY STATE LD,,,,,,,,,,,*;,,,,,,, 
FP8NB0002,02-JAN-80,19-JUL-07,04-NOV-14,5555947,T1206 ,T1410,,DEF ,M,A,10-NOV-02,10-JUN-06,Family PN 2000R/3000          ,P,C, ,N,,,,,0,24,0,0,0,N,,N,Y,Y,,,H,,,,,N,,,D,,N,,,G,,,,M,5,,Y,,CAP_MINS2000;,AAA,,,,,O,,,V1,,STD,,,,,,,,,,,VOICE_PP;CONSUMER;,2000,,,,,Family PN 2000R/3000          ,,,,,,,,,,,*;,,,,,,, 
SAFN4N01 ,02-JAN-80,10-FEB-05,04-NOV-14,11111,T1206 ,T1410,1111,DEF ,M,A,01-FEB-04,10-JUN-06,FT NGSM 600R 5KNW             ,P,C, ,N,,,,,0,24,0,0,0,N,,N,Y,Y,,,H,,,,,N,,,D,,N,,,G,,,,M,5,,Y,,VM:BASIC;BVM;CAP_MINS600;,AAA,,,,,O,,,V1,,STD,,,,,,,,,,,VOICE_PP;CONSUMER;,600,,,,,FT NGSM 600R 5KNW             ,,,,,,,,,,,*;,,,,,,, 
CB4      ,02-JAN-80,26-OCT-07,08-JUL-14,11111,T1206 ,T1406,1111,    ,M,A,14-NOV-07,14-NOV-07,CB INDICATOR,R,P, ,N,,,,,,,,,,,,N,N,N,,,H,,,,,N,,,D,,,,N,,,,,M,,,Y,V,RESSOCREM;,,,,,,T,,,NC,,,B,,,N,,,N,,,,,,,,,,CB INDICATOR,,,,,,,,,,,,,,,,,, 
BI09XA43W,02-JAN-80,03-FEB-06,08-JUL-14,754992,T1206 ,T1406,,DEF ,M,A,10-JUN-05,01-JAN-09,BBBP1199RGN15000FIM2M,P,P, ,N,,,,6000,0,0,0,0,0,N,,N,Y,Y,,,H,,N,N,,N,,,D,N,N,,,,,,,M,,,Y,,VM:BASIC;BVM;,AAA,,,,,O,N,,V1,,STD,,,,,,,,,,,VOICE_PP;BUSINESS;,15000,,,,,BBBP1199RGN15000FIM2M,,,,,,,,,Z2@Z6@Z9,,,,,,,,, 
IRCP     ,02-JAN-80,30-JAN-08,04-NOV-14,11111,T1206 ,T1410,1111,    ,M,A,29-JUN-06,31-JAN-08,$19.99100INTRMCA,R,C, ,Y,,,,,,,,,,,,N,Y,Y,,,H,,,,,N,,,D,,,,N,,,,,G,,A1,Y,V,INTL;SOCCOMB;,,,,,,O,,,V2,,,,,,,,,,,,,A043;,,Y,,,,$19.99100INTRMCA,,,,,,,,,Z2@Z6@Z9@Z1,14035599,,Y,,,,,, 
CLM1XX17W,02-JAN-80,13-MAR-07,08-JUL-14,754883,T1206 ,T1406,,DEF ,M,A,11-NOV-00,10-JUN-06,RGN50,P,C, ,N,,,,,0,24,0,0,0,N,,N,Y,Y,,,H,,N,N,,N,,,D,N,N,,,,,,,M,,A1,Y,,,AAA,,,,,O,N,,V1,,STD,,,,,,,N,,,,VOICE_PP;CONSUMER;,50,,,,,RGN50,,,,,,,,,,,,,,,,,, 
REO5     ,02-JAN-80,13-NOV-07,08-JUL-14,70939259,T1206 ,T1406,,    ,M,A,22-JUL-08,22-JUL-08,Dobson RED EON SOC,R,P, ,Y,,,,,,,,,,,,N,N,N,,,H,,,,,N,,,D,,,,N,,,,,M,,,Y,V,RESSOCREM;OK_RESTRICT;,,,,,,D,,,NC,,,B,,,N,,,N,,,,A070;,,,,,,Dobson RED EON SOC,,,,,,,,,,,,,,,,,, 
DD05XXX1W,02-JAN-80,18-FEB-05,08-JUL-14,11111,T1206 ,T1406,1111,DEF ,M,A,11-NOV-00,10-JUN-06,B2B DATA ACCESS 5MB,P,C, ,N,,,,,0,24,0,0,0,N,,N,Y,Y,,,H,,N,N,,N,,,D,N,N,,,,,,,M,,A1,Y,,FBF_XXX_DPP;,AAA,,,,,O,Y,,D1,,STD,,,,,,,,,,,DATA_VOICE;CONSUMER;,0,,,,,B2B DATA ACCESS 5MB,,,,,,,,,,,,,,,,,, 
MWCN9001 ,02-JAN-80,14-JUL-03,04-NOV-14,11111,T1206 ,T1410,1111,DEF ,M,A,15-JAN-03,10-JUN-06,Nation 2000                   ,P,C, ,Y,,,,,0,24,0,0,0,N,,N,Y,Y,,,H,,,,,N,,,D,,N,,,,,,,M,,,Y,,VM:BASIC;BVM;FBF_CMB_NFR;,AAA,,,,,O,,,V1,,STD,,,,,,,,,,,VOICE_PP;CONSUMER;,2000,,,,,Nation 2000                   ,,,,,,,,,Z2@Z6@Z9@Z1,,,,,,,,, 
ZDDV1V001,02-JAN-80,07-OCT-09,24-NOV-14,11111,T1206 ,uj178,1111,DEF ,M,A,08-OCT-09,23-JUN-10,DATA VOICE PLAN,P,C, ,N,,,,,0,24,0,0,0,N,,N,Y,Y,,,H,,,,,N,,,D,,N,,,,,,,G,,A1,Y,,ELIG_TYPE;VM:BASIC;BVM;CONV_UNICEL_KS;FBF_PRD_NFR;,AAA,,,N,,O,,,V1,,STD,,,,,,,,,,,VOICE_PP;CONSUMER;,0,,,,,DATA VOICE PLAN,,,,,,,,,Z2@Z6@Z9@Z1,,,,,,,,, 
003000000,02-JAN-80,11-AUG-05,08-JUL-14,11111,T1206 ,T1406,1111,DEF ,M,A,02-JAN-80,,AIR-SMS .03/.00/.00 ,P,C,,N,O,,,,0,0,0,0,0,N,,N,Y,Y,,,H,,,,,N,,,D,,N,,,,,,,M,,,Y,,,AAA,,,,,O,,,V1,,,,,,,,,,,,,,,,,,,AIR-SMS .03/.00/.00 ,,,,,,,,,,,,,,,,,, 
SMTLTE4D1,02-JAN-80,28-DEC-11,08-JUL-14,2342,PPOL  ,T1406,,    ,M,A,22-JAN-12,,DATAPRO3GB LTE NV,R,C, ,Y,,,,,,,,,,,,N,Y,Y,,,H,,,,,N,,,D,,,,N,,,,,G,,P9@P6,Y,B,REM_IF_DATAGRP_DUP;B2B_TYPE;RTP;UPG_EQU_MRC_CALC;CRU_RESTRICTED;SPEED_TIER;,,,,,,O,,,D1,N,,B,,,N,,,N,,N,,A036;,,N,,0,Y,DataPro 3GB for Smartphone 4G LTE without Visual Voicemai,"3 gigabytes of domestic data usage, $10 for each additional 1 gigabytes of data usage. Unlimited domestic data usage on the AT&T Wi-Fi Basic network. Discount Applies. No Visual Voicemail.",3,GB,N,0,N,,,,,,N,,,,,, 
FN6N00002,02-JAN-80,19-JUL-07,04-NOV-14,11111,PSNBIP,T1410,,DEF ,M,A,14-NOV-04,10-JUN-06,0102198050RUNW,P,C, ,Y,,,,,0,24,0,0,0,N,,N,Y,Y,,,H,,,,,N,,,D,,N,,,G,,,,M,5,,Y,,ELIG_TYPE;CAP_MINS1250;,AAA,,,Y,,O,,,V1,,STD,,,,,1310NGB08,,,,,,VOICE_PP;CONSUMER;,0,,,,,0102198050RUNW,,,,,,,,,,,*;,,,,,,, 
GLPOL700 ,02-JAN-80,18-SEP-06,08-JUL-14,11111,T1206 ,T1406,1111,DEF ,M,A,02-JAN-80,10-JUN-06,BASIC PLAN 75                 ,P,C,,N,,,,,0,12,0,0,0,N,,N,Y,Y,,,H,,,,,N,,,A,,N,,,,,,,M,,,Y,,,AAA,,,,,O,,,V1,,STD,,,,,,,,,,,,,,,,,BASIC PLAN 75                 ,,,,,,,,,,,,,,,,,, 
BACSMSO  ,02-JAN-80,06-OCT-09,08-JUL-14,11111,T1206 ,T1406,1111,    ,M,A,20-OCT-09,,Text Msg Pay Per Use          ,O,C, ,Y,,,,,,,,,,,,N,N,N,,,H,,,,,N,,,D,,,,N,,,,,G,,,Y,B,RTP;FBF_XXX_PPU_SMS;,,1097446,SMS DEMO BAC PPU $0.10 MSG - BACSMSO,,,O,,,NC,Y,,B,,,,,,,,,,A066;,,,,,,Text Msg Pay Per Use          ,,,,,,,,,,,,,,,,,, 
DBNAT0481,02-JAN-80,18-DEC-07,04-NOV-14,754925,DOB2  ,T1410,,DEF ,M,A,11-NOV-07,10-FEB-08,National Plan,P,C, ,Y,,,,,0,0,0,0,0,N,,N,N,N,,,H,,N,N,,N,,,D,N,N,,,G,,,,M,9,,Y,,ELIG_TYPE;,AAA,,,,,D,N,,V1,,RED,,,,,,,N,,,,VOICE_PP;CONSUMER;,0,,,,,National Plan,,,,,,,,,,,*;,,,,,,, 
BOBN2001 ,02-JAN-80,29-OCT-08,08-JUL-14,11111,T1206 ,T1406,1111,DEF ,M,A,01-NOV-04,10-JUN-06,BX NAT 4200R UMM UNW,P,C, ,N,,,,,0,24,0,0,0,N,,N,Y,Y,,,H,,,,,N,,,D,,N,,,,,,,M,,A1@13@14@6,Y,,B2B_TYPE;CAP_MINS4200;VM:BASIC;BVM;,AAA,,,N,,O,,,V1,,STD,,,,,,,,,,,VOICE_PP;BUSINESS;,4200,,,,,BX NAT 4200R UMM UNW,,,,,,,,,,,,,,,,,, 
WATRSC62 ,02-JAN-80,27-AUG-09,04-NOV-14,11111,T1206 ,T1410,1111,DEF ,M,A,02-JAN-80,10-JUN-06,UNPLN ROAM GUARANTEE,P,C, ,N,,,,,0,12,0,0,0,N,,N,N,N,,,H,,,,,N,,,D,,N,,,G,,,,M,20,,Y,,,AAA,,,N,,O,,,V1,,175,,,,,,,,,,,VOICE_PP;CONSUMER;,0,,,,,UNPLN ROAM GUARANTEE,,,,,,,,,,,*;,,,,,,, 
TXT1     ,02-JAN-80,25-SEP-08,04-NOV-14,11111,T1206 ,T1410,1111,    ,M,A,11-FEB-05,26-SEP-08,TEXT MESSAGE 50 PACKAGE    ,R,C, ,Y,,,,,,,,,,,,N,Y,Y,,,H,,,N,,N,,,D,,,,N,,,,,M,,,Y,B,REM_IF_DATAGRP_DUP;,,,,,,O,,,D3,,,,,,,,,,,,,A066;,,,,,,TEXT MESSAGE 50 PACKAGE    ,,,,,,,,,Z2@Z6@Z9@Z1,,,,,,,,, 
ZD3RN3V01,02-JAN-80,02-FEB-06,04-NOV-14,754926,T1206 ,T1410,,DEF ,M,A,23-NOV-09,23-JUN-10,GRTR FREEDOM 1000 R,P,C, ,Y,,,,,0,0,0,0,0,N,,N,Y,Y,,,H,,N,N,,N,,,D,N,N,,,,,,,M,,,Y,,ELIG_TYPE;VM:BASIC;BVM;CONV_ALLTEL;CONV_ZOD_ALIST;,AAA,,,,,O,N,,V1,,STD,,,V,,,,,,,,VOICE_PP;CONSUMER;,1000,,,,,GRTR FREEDOM 1000 R,,,,,,,,,Z2@Z6@Z9@Z1,,,,,,,,, 
ZDCP07V01,02-JAN-80,02-FEB-06,24-NOV-14,754926,T1206 ,uj178,,DEF ,M,A,23-NOV-09,23-JUN-10,BUSINESS VALUE PLUS 30,P,C, ,N,,,,,0,0,0,0,0,N,,N,Y,Y,,,H,,N,N,,N,,,D,N,N,,,,,,,M,,,Y,,ELIG_TYPE;VM:BASIC;BVM;CONV_ALLTEL4;,AAA,,,,,O,N,,V1,,STD,,,V,,,,,,,,VOICE_PP;CONSUMER;,350,,,,,BUSINESS VALUE PLUS 30,,,,,,,,,Z2@Z6@Z9@Z1,,,,,,,,, 
ZDCP5XV01,02-JAN-80,02-FEB-06,04-NOV-14,754926,T1206 ,T1410,,DEF ,M,A,23-NOV-09,23-JUN-10,PCS PARTNER PLAN1,P,C, ,Y,,,,,0,0,0,0,0,N,,N,Y,Y,,,H,,N,N,,N,,,D,N,N,,,,,,,M,,,Y,,ELIG_TYPE;VM:BASIC;BVM;CONV_ALLTEL;,AAA,,,,,O,N,,V1,,STD,,,V,,,,,,,,VOICE_PP;CONSUMER;,0,,,,,PCS PARTNER PLAN1,,,,,,,,,Z2@Z6@Z9@Z1,,,,,,,,, 
RLTEEB11 ,02-JAN-80,04-OCT-11,08-JUL-14,701303,PPOL  ,T1406,,    ,M,A,20-OCT-11,,LTE SMT ENTBDL2 VVM,R,C, ,Y,,,,,,,,,,,,N,Y,Y,,,H,,,,,N,,,D,,,,N,,,,,G,,P9@P6,Y,B,B2B_TYPE;RTP;UPG_EQU_MRC_CALC;IRU_RESTRICTED;SPEED_TIER;REM_IF_DATAGRP_DUP;,,,,,,O,,,D1,N,,B,,,N,,,N,,N,,A036;A076;,,N,,0,Y,Unlim data for 4G LTE Smartphones w/Visual Voice Mail ,Unlimited domestic data usage on the AT&T Wi-Fi Basic Network. $30.00. Visual Voice Mail. Only for use with 4G LTE Smartphones.,9999,GB,N,0,N,,,,,,N,,,,,, 
EASED512 ,02-JAN-80,08-SEP-11,04-NOV-14,70939708,T1206 ,T1410,,    ,M,A,20-SEP-11,,EASELicen9999U 512,R,C, ,Y,,,,,,,,,,,,N,Y,N,,,H,,,,,N,,,D,,,,N,,,,,G,,A1,Y,B,B2B_TYPE;RTP;UPG_EQU_MRC_CALC;IRU_RESTRICTED;SOCCOMB;,,,,,,O,,,M1,,,B,,,N,,,Y,,,RBS,A086;,,N,,0,,EASELicen9999U 512,,0,,N,0,N,,,Z2@Z6@Z9@Z1,,,N,,,,,, 
ZD67HAM04,02-JAN-80,04-FEB-06,24-NOV-14,754992,ZOD2A ,uj178,,DEF ,M,A,23-NOV-09,23-JUN-10,FAM MYCIR5SRTPK 500,P,C, ,N,,,,0,0,0,0,0,0,N,,N,Y,Y,,,H,,N,N,,N,,,D,N,N,,,G,,,,M,5,,Y,,ELIG_TYPE;VM:BASIC;BVM;CONV_ALLTEL;CONV_ZOD_ALIST;,AAA,,,,,O,N,,V1,,STD,,,,,,,,,,,VOICE_PP;CONSUMER;,500,,,,,FAM MYCIR5SRTPK 500,,,,,,,,,,,*;,,,,,,, 
ZDMLTRM31,02-JAN-80,02-FEB-06,24-NOV-14,754926,T1206 ,uj178,,DEF ,M,A,23-NOV-09,23-JUN-10,MILITARY SUSPEND PLN,P,C, ,N,,,,,0,0,0,0,0,N,,N,Y,Y,,,H,,N,N,,N,,,D,N,N,,,,,,,M,,,Y,,ELIG_TYPE;VM:BASIC;BVM;CONV_ALLTEL4;CONV_ZOD_ALIST;FBF_PRD_NFR;,AAA,,,,,O,N,,V1,,STD,,,,,,,,,,,VOICE_PP;CONSUMER;,0,,,,,MILITARY SUSPEND PLN,,,,,,,,,Z2@Z6@Z9@Z1,,,,,,,,, 
C96975090,02-JAN-80,24-APR-07,08-JUL-14,11111,T1206 ,T1406,,    ,M,A,11-NOV-00,10-JUN-06,NIGHTS & WEEKENDS UNL,R,C, ,N,,,,,,,,,,,,N,Y,Y,,,H,,N,N,,N,,,D,N,,,N,,,,,M,,,Y,V,ELIG_TYPE;,,,,,,T,,,V2,,,B,,,,,,,,,,A054;,,,,,,NIGHTS & WEEKENDS UNL,,,,,,,,,,,,,,,,,, 
ZDOMRMRLD,02-JAN-80,08-MAR-05,08-JUL-14,11111,ZOD4  ,T1406,1111,    ,M,A,02-JAN-80,,Home Toll 0,O,C, ,Y,,,,,,,,,,,,N,Y,Y,,,M,,,,,N,,,D,,,  ,,,,,,M,,,Y,V,RESSOCREM;CONV_VRZN;,,,,,,T,,,NC,,,,,,,,,,,,,A022;NOBUTTONS;,,,,,,Home Toll 0,,,,,,,,,,,,,,,,,, 
VADR     ,02-JAN-80,27-OCT-06,08-JUL-14,11111,CSM   ,T1406,1111,    ,M,A,01-NOV-05,03-NOV-06,VOICEDIAL *8,R,C, ,Y,,,,,,,,,,,,N,Y,Y,,,H,,,,,N,,,D,,,,N,V,,,,M,,,Y,V,RTP;,,,,,,T,,,V2,,,B,,,,,,,,,,A078;,,,,,,VOICEDIAL *8,,,,,,,,,,14308269,,Y,,,,,, 
ODNRNM013,02-JAN-80,15-JUN-05,08-JUL-14,11111,T1206 ,T1406,1111,DEF ,M,A,16-JUN-05,09-JUL-13,ORGN250_500M/NW,P,C, ,N,,,,,0,24,0,0,0,N,,N,Y,Y,,,H,,,,,N,,,D,,N,,,,,,,M,,A1,Y,,B2B_TYPE;ELIG_TYPE;VM:BASIC;BVM;,AAA,,,Y,,O,,,V1,,STD,,,,,,,,,,,,,,,,,ORGN250_500M/NW,,,,,,,,,,,,,,,,,, 
C96872930,02-JAN-80,24-APR-07,08-JUL-14,11111,T1206 ,T1406,,    ,M,A,11-NOV-00,10-JUN-06,NIGHTS & WEEKENDS UNL,R,C, ,N,,,,,,,,,,,,N,Y,Y,,,H,,N,N,,N,,,D,N,,,N,,,,,M,,,Y,V,ELIG_TYPE;,,,,,,T,,,V2,,,B,,,,,,,,,,A054;,,,,,,NIGHTS & WEEKENDS UNL,,,,,,,,,,,,,,,,,, 
LACNAC00 ,02-JAN-80,04-FEB-05,08-JUL-14,11111,T1206 ,T1406,1111,DEF ,M,A,27-AUG-04,10-JUN-06,NTN P 1000R,P,C, ,N,,,,,0,24,0,0,0,N,,N,Y,Y,,,H,,,,,N,,,D,,N,,,,,,,M,,A1,Y,,VM:BASIC;BVM;CAP_MINS1000;,AAA,,,,,O,,,V1,,STD,,,,,,,,,,,VOICE_PP;CONSUMER;,1000,,,,,NTN P 1000R,,,,,,,,,,,,,,,,,, 
BTRMCP60 ,02-JAN-80,29-JUN-06,08-JUL-14,754883,TDMA1 ,T1406,,,M,A,11-NOV-00,,Roam Rate $0.60,O,C,,Y,,,,,,,,,,,,N,N,N,,,R,,N,N,N,N,,,D,N,,,N,,,,,M,,99,Y,V,RESSOCREM;,,,,,,B,,,NC,,,N,,,N,,,,,,,A023;NOBUTTONS;,,,,,,Roam Rate $0.60,,,,,,,,,,,,,,,,,, 
BTW17R69 ,02-JAN-80,29-JUN-06,08-JUL-14,754883,TDMA1 ,T1406,,,M,A,11-NOV-00,,Roam Rate $0.69,O,C,,Y,,,,,,,,,,,,N,N,N,,,R,,N,N,N,N,,,D,N,,,N,,,,,M,,99,Y,V,RESSOCREM;,,,,,,B,,,NC,,,N,,,N,,,,,,,A023;NOBUTTONS;,,,,,,Roam Rate $0.69,,,,,,,,,,,,,,,,,, 
BTSMSTR1 ,02-JAN-80,15-AUG-05,08-JUL-14,754992,T1206 ,T1406,,BMC ,M,A,11-NOV-00,10-FEB-06,WIRELESS 60,P,C, ,N,,,,0,0,12,0,0,0,N,,N,Y,Y,,,H,,N,N,,N,,,D,N,N,,,,,,,M,,99,Y,,,AAA,,,,,B,N,,V1,,STD,,,,,,,,,,,VOICE_PP;CONSUMER;,60,,,,,WIRELESS 60,,,,,,,,,,,,,,,,,, 
BTXX3AR34,02-JAN-80,03-AUG-05,08-JUL-14,754992,T1206 ,T1406,,BMC ,M,A,11-NOV-00,10-FEB-06,REGIONAL ADVTG 350,P,C, ,N,,,,,0,12,0,0,0,N,,N,Y,Y,,,H,,N,N,,N,,,D,N,N,,,,,,,M,,99,Y,,,AAA,,,,,B,N,,V1,,STD,,,,,,,,,,,VOICE_PP;CONSUMER;,350,,,,,REGIONAL ADVTG 350,,,,,,,,,,,,,,,,,, 
IMRO5    ,02-JAN-80,27-JAN-06,08-JUL-14,754883,NBI2  ,T1406,,    ,M,A,11-NOV-00,,MSA ROAMING,O,C, ,Y,,,,,,,,,,,,N,N,N,,,R,,N,N,N,N,,,D,N,,  ,N,,,,,M,,,Y,V,RESSOCREM;,,,,,,O,,,V2,,,B,,,,,,,,,,A023;NOBUTTONS;,,,,,,MSA ROAMING,,,,,,,,,,,,,,,,,, 
R71K167  ,02-JAN-80,07-FEB-07,08-JUL-14,11111,T1206 ,T1406,,    ,M,A,11-NOV-00,10-JUN-06,NIGHTS & WEEKENDS 1K,R,C, ,N,,,,,,,,,,,,N,Y,Y,,,H,,N,N,,N,,,D,N,,,N,,,,,M,,,Y,V,ELIG_TYPE;,,,,,,T,,,V2,,,B,,,,,,,,,,A054;,,,,,,NIGHTS & WEEKENDS 1K,,,,,,,,,,,,,,,,,, 
E639     ,02-JAN-80,29-NOV-05,08-JUL-14,11111,T1206 ,T1406,1111,    ,M,A,30-NOV-05,25-JAN-11,CCS - Available for Sale,R,C, ,N,,,,,,,,,,,,N,N,N,,,G,,,,,N,,,D,,,GG,N,,,,,M,,,Y,B,,,,,,,T,,,NC,,,,,,,,,,,,,A016;,,,,,,CCS - Available for Sale,,,,,,,,,,,,,,,,,, 
PH02XXX1N,02-JAN-80,06-JAN-06,04-NOV-14,754883,NBI2  ,T1410,,DEF ,M,A,11-NOV-00,10-JUN-06,B2B HOME POOL 2500,P,C, ,Y,,,,0,0,0,0,0,0,N,,N,Y,Y,,,H,,N,N,,N,,,D,N,N,,,G,,,,M,50,,Y,,ELIG_TYPE;B2B_TYPE;,AAA,,,,,O,N,,V1,,STD,,,,,,,,,,,VOICE_PP;BUSINESS;,2500,,,,,B2B HOME POOL 2500,,,,,,,,,,,*;,,,,,,, 
R04335R  ,02-JAN-80,16-JAN-06,04-NOV-14,754883,T1206 ,T1410,,    ,M,A,11-NOV-00,10-JUN-06,NETWORK TOLL FREE,R,C, ,Y,,,,,,,,,,,,N,Y,Y,,,O,,N,N,,N,,,D,N,,  ,N,,,,,M,,,Y,V,,,,,,,T,,,V2,,,B,,,,,,,,,,A022;,,,,,,NETWORK TOLL FREE,,,,,,,,,Z2@Z6@Z9@Z1,14275449,,Y,,,,,, 
TRACELA  ,02-JAN-80,08-MAR-05,08-JUL-14,11111,INDGL ,T1406,1111,    ,M,A,11-NOV-00,,Expanded Home Area,O,C, ,Y,,,,,,,,,,,,N,N,N,,,D,,N,N,N,N,,,D,N,,  ,N,,,,,M,,,Y,V,RESSOCREM;,,,,,,T,,,NC,,,,,,,,,,,,,A012;NOBUTTONS;,,,,,,Expanded Home Area,,,,,,,,,,,,,,,,,, 
SW357P7  ,02-JAN-80,07-FEB-07,08-JUL-14,11111,T1206 ,T1406,,    ,M,A,11-NOV-00,10-JUN-06,NIGHT/WKNDS 3500,R,C, ,N,,,,,,,,,,,,N,Y,Y,,,H,,N,N,,N,,,D,N,,,N,,,,,M,,,Y,V,ELIG_TYPE;,,,,,,T,,,V2,,,B,,,,,,,,,,A054;,,,,,,NIGHT/WKNDS 3500,,,,,,,,,,,,,,,,,, 
R04626147,02-JAN-80,07-FEB-07,08-JUL-14,11111,T1206 ,T1406,,    ,M,A,11-NOV-00,10-JUN-06,NIGHTS & WEEKENDS UNL,R,C, ,N,,,,,,,,,,,,N,Y,Y,,,H,,N,N,,N,,,D,N,,,N,,,,,M,,,Y,V,ELIG_TYPE;,,,,,,T,,,V2,,,B,,,,,,,,,,A054;,,,,,,NIGHTS & WEEKENDS UNL,,,,,,,,,,,,,,,,,, 
CJUNQC24P,02-JAN-80,03-APR-07,08-JUL-14,11111,T1206 ,T1406,,    ,M,A,01-FEB-98,,NIGHTS & WEEKENDS UNL,O,C, ,Y,,,,,,,,,,,,N,Y,Y,,,H,,N,N,,N,,,D,N,,,N,S,,,,M,,,Y,V,ELIG_TYPE;RESSOCREM;FBF_XXX_UNL_NW;,,,,,,T,,,NC,,BLU,,,,,,,,,,,A054;NOBUTTONS;,,,,,,NIGHTS & WEEKENDS UNL,,,,,,,,,,,,,,,,,, 
BTXXGB735,02-JAN-80,28-OCT-05,08-JUL-14,754992,T1206 ,T1406,,DEF ,M,A,11-NOV-00,10-FEB-06,TDMA LOCAL 1400,P,C, ,N,,,,,0,12,0,0,0,N,,N,Y,Y,,,H,,N,N,,N,,,D,N,N,,,,,,,M,,99,Y,,,AAA,,,,,B,N,,V1,,STD,,,,,,,,,,,VOICE_PP;CONSUMER;,1400,,,,,TDMA LOCAL 1400,,,,,,,,,,,,,,,,,, 
BTXXNP26 ,02-JAN-80,03-AUG-05,08-JUL-14,754992,T1206 ,T1406,,BMC ,M,A,11-NOV-00,10-FEB-06,NATIONAL POOLED 500,P,C, ,N,,,,,0,12,0,0,0,N,,N,Y,Y,,,H,,N,N,,N,,,D,N,N,,,,,,,M,,99,Y,,,AAA,,,,,B,N,,V1,,STD,,,B,,,,,,,,VOICE_PP;BUSINESS;,500,,,,,NATIONAL POOLED 500,,,,,,,,,,,,,,,,,, 
PCD3     ,02-JAN-80,24-OCT-06,04-NOV-14,11111,T1206 ,T1410,1111,DEF ,M,A,06-FEB-06,15-AUG-07,BMBPECCSTELE3MB,P,C, ,Y,,,,,0,24,0,0,0,N,,N,Y,Y,,,H,,,,,N,,,D,,N,,,,,,,M,,A1,Y,,B2B_TYPE;FBF_PRD_NFR;,AAA,,,Y,,O,,,D1,,175,,,E,,,,,,,,DATA_VOICE;BUSINESS;,0,Y,,,,BMBPECCSTELE3MB,,,,,,,,,Z2@Z6@Z9@Z1,,,,,,,,, 
RD04867  ,02-JAN-80,07-FEB-07,08-JUL-14,11111,T1206 ,T1406,,    ,M,A,11-NOV-00,10-JUN-06,NIGHTS & WEEKENDS 500,R,C, ,N,,,,,,,,,,,,N,Y,Y,,,H,,N,N,,N,,,D,N,,,N,,,,,M,,,Y,V,ELIG_TYPE;,,,,,,T,,,V2,,,B,,,,,,,,,,A054;,,,,,,NIGHTS & WEEKENDS 500,,,,,,,,,,,,,,,,,, 
WTFH6N01 ,02-JAN-80,10-FEB-05,04-NOV-14,11111,T1206 ,T1410,1111,DEF ,M,A,23-MAY-03,10-JUN-06,7-7GFamily H 900R/5K          ,P,C, ,N,,,,,0,24,0,0,0,N,,N,Y,Y,,,H,,,,,N,,,D,,N,,,G,,,,M,5,,Y,,VM:BASIC;BVM;CAP_MINS900;,AAA,,,,,O,,,V1,,STD,,,,,,,,,,,VOICE_PP;CONSUMER;,900,,,,,7-7GFamily H 900R/5K          ,,,,,,,,,,,*;,,,,,,, 
TUMN000  ,02-JAN-80,08-MAR-05,04-NOV-14,11111,T1206 ,T1410,1111,    ,M,A,03-SEP-99,10-JUN-06,Message Notification,R,C,,Y,,,,,,,,,,,,N,Y,Y,,,H,,,,N,N,,,,,,,,,,,,M,,,Y,V,,,,,,,T,,,NC,,,,,,,,,,,,,A079;,,,,,,Message Notification,,,,,,,,,Z2@Z6@Z9@Z1,,,,,,,,, 
ZD201V001,02-JAN-80,07-OCT-09,04-NOV-14,11111,T1206 ,T1410,1111,DEF ,M,A,08-OCT-09,23-JUN-10,UNRC Local Link,P,C, ,Y,,,,,0,24,0,0,0,N,,N,Y,Y,,,H,,,,,N,,,D,,N,,,,,,,M,0,,Y,,ELIG_TYPE;VM:BASIC;BVM;CONV_UNICEL_CDMA;,AAA,,,N,,O,,,V1,,STD,,,V,,,,,,,,VOICE_PP;CONSUMER;,0,,,,,UNRC Local Link,,,,,,,,,Z2@Z6@Z9@Z1,,,,,,,,, 
TR84XXX2W,02-JAN-80,27-AUG-09,08-JUL-14,11111,T1206 ,T1406,1111,DEF ,M,A,25-JUL-08,25-JUL-08,PDAENTMSFTTENV5GB                            ,P,C, ,N,,,,,0,0,0,0,0,N,,N,Y,Y,,,H,,N,N,,N,,,D,N,N,,,,,,,M,,,Y,,,AAA,,,,,O,N,,V1,,STD,,,,,,,,,,,DATA_PP;CONSUMER;,0,,,,,PDAENTMSFTTENV5GB                            ,,,,,,,,,,,,,,,,,, 
SDFJ16GE ,02-JAN-80,20-AUG-13,22-SEP-14,77099101,PPOL  ,sp050,,    ,M,A,04-SEP-13,,MOBILESHAREJ135VT,R,C, ,Y,,,,,,,,,,,,N,N,N,,,G,,,,,N,,,D,,,GG,N,,,,,G,,J4@K2@J1@J2@J3@K3,Y,B,RTP;UPG_EQU_MRC_CALC;TETHERING;IRU_RESTRICTED;SPEED_TIER;,,913330759,GPRS MB SDP - SPEED TIER - SDFJ16GE,,U,O,,,D1,N,,B,,,N,,,Y,,S,,A036;A076;,,N,,0,Y,Mobile Share for iPhone on 4G LTE ,"unlimited Anytime Minutes, Nationwide Long Distance & Roaming, Unlimited domestic text, picture, video messages, and unlimited calling to/from any other domestic mobile phone, Call Forward feature, Caller ID, Call Wait, Conference Call feature. Mobile Share voice and data plan required. ",9999,GB,N,0,N,,SDP;,,,,N,P,,,,, 
TAPGTWY  ,02-JAN-80,29-AUG-13,08-JUL-14,70939708,PPOL  ,T1406,,    ,M,A,17-SEP-13,,HL_TAPGTWY,R,C, ,Y,,,,,,,,,,,,N,Y,N,,,H,,,,,N,,,D,,,,N,,,,,G,,A1,Y,B,B2B_TYPE;IRU_RESTRICTED;,,,,,,O,,,M1,,,B,,,N,,,N,,S,,A070;,,N,,0,N,HipLink TAP Input Gateway,TAP input gateway to receive messages originating as a TAP protocol format for distribution to receivers and groups.,0,,N,0,N,,,,,,N,,,,,, 
ZD2KN8767,02-JAN-80,07-FEB-07,04-NOV-14,11111,T1206 ,T1410,,    ,M,A,11-NOV-00,23-JUN-10,NIGHT & WEEKENDS 2000,R,C, ,Y,,,,,,,,,,,,N,Y,Y,,,H,,N,N,,N,,,D,N,,,N,,,,,M,,,Y,V,ELIG_TYPE;CONV_ALLTEL;FBF_XXX_LMT_NW;,,,,,,T,,,V2,,,B,,,,,,,,,,A054;,,,,,,NIGHT & WEEKENDS 2000,,,,,,,,,Z2@Z6@Z9@Z1,,,,,,,,, 
AWCHD0512,02-JAN-80,21-JUN-12,08-JUL-14,7785990,PPOL  ,T1406,,    ,M,A,17-JUL-12,,AW_CONT_DED_ENV_0512,R,C, ,Y,,,,,,,,,,,,N,Y,N,,,H,,,,,N,,,D,,,,N,,,,,G,,A1,Y,B,B2B_TYPE;RTP;IRU_RESTRICTED;,,,,,,O,,,M1,,,B,,,N,,,Y,,N,RBS,A086;,,N,,0,N,AirWatch Content Hosting Dedicated Environment 512 Licenses,AirWatch Content Hosting Dedicated Environment 512 Licenses,0,,N,0,N,,,,,,N,,,,,, 
UCHGSIM  ,02-JAN-80,06-FEB-13,08-JUL-14,7785990,PPOL  ,T1406,,    ,M,A,02-JAN-80,,INTERNAL TITAN CHARG,R,C, ,N,,,,,,,,,,,,N,N,N,,,H,,,,,N,,,D,,,,N,,,,,M,,A1,Y,B,,,,,,,O,,,NC,,,B,,,N,,,N,,N,,A070;,,N,,0,N,INTERNAL TITAN CHARGE - CHGSIM,,0,,N,0,N,,,,11242319,,Y,,,,,, 
IRCM500MN,02-JAN-80,09-OCT-12,02-OCT-14,70939708,PPOL  ,lr527,,    ,M,A,01-NOV-12,,AT&T Canada & Mexico,N,C, ,Y,,,,,,,,,,,,N,N,N,,,R,,,Y,N,N,,,D,,,  ,N,,,,,G,,,Y,V,RESSOCREM;INTL;FBF_ROAM_PKG;,,,,,,O,,,NC,N,,B,,,N,,,N,,N,,,,Y,,,N,AT&T Canada & Mexico Travel Minutes 500,,0,,N,0,N,,,,913009499,,Y,,,,,, 
ILODNR3  ,02-JAN-80,26-JUL-06,08-JUL-14,11111,T1206 ,T1406,1111,DEF ,M,A,16-JUN-05,10-JUN-06,ORGN60,P,C, ,N,,,,,0,24,0,0,0,N,,N,Y,Y,,,H,,,,,N,,,D,,N,,,,,,,M,,A1,Y,,B2B_TYPE;ELIG_TYPE;VM:BASIC;BVM;,AAA,,,Y,,O,,,V1,,STD,,,,,,,,,,,VOICE_PP;BUSINESS;,60,,,,,ORGN60,,,,,,,,,,,,,,,,,, 
PACN0N2  ,02-JAN-80,21-NOV-05,08-JUL-14,5947,T1206 ,T1406,1111,DEF ,M,A,05-MAY-06,10-JUN-06,NAT2001KNW,P,C, ,N,,,,,0,0,0,0,0,N,,N,Y,Y,,,H,,,,,N,,,D,,N,,,,,,,M,,A1@6@14@13,Y,,ELIG_TYPE;VM:BASIC;BVM;,AAA,,,N,,B,,,V1,,BLU,,,,,,,,,,,VOICE_PP;CONSUMER;,200,,,,,NAT2001KNW,,,,,,,,,,,,,,,,,, 
LTETR69B ,02-JAN-80,01-MAR-13,08-JUL-14,2342,PPOL  ,T1406,,    ,M,A,22-MAR-13,25-MAY-13,BB ENT 5120MB TE MH,R,C, ,Y,,,,,,,,,,,,N,Y,Y,,,H,,,,,N,,,D,,,,N,,,,,G,,B6,Y,B,B2B_TYPE;RTP;UPG_EQU_MRC_CALC;IRU_RESTRICTED;CUSTOM;SPEED_TIER;REM_IF_DATAGRP_DUP;,,,,,,O,,,D1,N,,B,,,N,,,N,,N,,A036;,,N,,0,Y,DataPro 5120 MB for Blackberry 4G LTE ,"5120 megabytes of domestic data usage, $0.05 each additional 1 megabyte of data usage. Unlimited domestic data usage on the AT&T Wi-Fi Basic Network. Includes tethering.",5,GB,N,0,N,,,,,,N,,,,,, 
ZDD412R77,02-JAN-80,07-SEP-08,04-NOV-14,11111,T1206 ,T1410,1111,    ,M,A,11-NOV-00,23-JUN-10,Free Weekend Min,R,C, ,Y,,,,,,,,,,,,N,Y,Y,,,H,,N,N,,N,,,D,N,,,N,,,,,M,,,Y,V,CONV_ALLTEL;FBF_XXX_UNL_NW;,,,,,,O,,,V2,,,B,,,,,,,,,,A030;,,,,,,Free Weekend Min,,,,,,,,,Z2@Z6@Z9@Z1,,,,,,,,, 
NW9197OR ,02-JAN-80,07-FEB-07,08-JUL-14,11111,T1206 ,T1406,,    ,M,A,11-NOV-00,01-JAN-09,NIGHTS & WEEKENDS UNL,R,C, ,N,,,,,,,,,,,,N,N,N,,,H,,N,N,,N,,,D,N,,,N,,,,,M,,,Y,V,ELIG_TYPE;,,,,,,T,,,V2,,,B,,,,,,,,,,A054;NOBUTTONS;,,,,,,NIGHTS & WEEKENDS UNL,,,,,,,,,,,,,,,,,, 
NGOV400A ,02-JAN-80,24-JUN-09,04-NOV-14,,T1206 ,T1410,,DEF ,M,A,26-JUN-09,,NETWORXNTN400,P,C, ,Y,,,,,0,24,0,0,0,N,,N,Y,Y,,,H,,,,,N,,,D,,N,,,,,,,G,,A1,Y,,B2B_TYPE;VM:BASIC;BVM;,AAA,,,Y,,O,N,,V1,,025,,,,,,,N,,,,VOICE_PP;BUSINESS;,400,,,,,NETWORXNTN400,,,,,,,,,Z2@Z6@Z9@Z1,,,,,,,,, 
BTPC60   ,02-JAN-80,24-JUN-09,04-NOV-14,,CSM   ,T1410,,DEF ,M,A,25-JUN-09,23-APR-14,BTNTN2100RUPTTUNW,P,C, ,Y,,,,,0,24,0,0,0,N,,N,Y,Y,,,H,,,,,N,,,D,,N,,,G,,,,M,5,,Y,,B2B_TYPE;CAP_MINS2100;VM:BASIC;BVM;,AAA,,,Y,,O,N,,V1,,STD,,,,,,,,,,,VOICE_PP;BUSINESS;,2100,,,,,"Business Talk Nation 2100 w/Rollover, UNL N&W, UNL PTT","Business Talk Nation  w/Rollover, Unlimited Nights & Weekends, Unlimited Push to Talk",,,,,,,,P9,,*;,,,,,,, 
QRU2XX43W,02-JAN-80,03-FEB-06,04-NOV-14,754992,T1206 ,T1410,,DEF ,M,A,22-FEB-08,01-JAN-09,FTNTNUNLIMITED,P,C, ,N,,,,0,0,0,0,0,0,N,,N,Y,Y,,,H,,N,N,,N,,,D,N,N,,,G,,,,M,5,,Y,,VM:BASIC;BVM;,AAA,,,,,O,N,,V1,,STD,,,,,,,,,,,VOICE_PP;CONSUMER;,0,,,,,FTNTNUNLIMITED,,,,,,,,,,,*;,,,,,,, 
2400NW07 ,02-JAN-80,20-JUL-10,04-NOV-14,70939708,T1206 ,T1410,,    ,M,A,22-MAY-10,,Unlt Nights & Wknds,R,C, ,Y,,,,,,,,,,,,N,N,N,,,H,,,N,,N,,,D,,,,N,,,,,M,,A1,Y,V,CONV_CEN;ELIG_TYPE;FBF_XXX_UNL_NW;REM_IF_DATAGRP_DUP;,,,,,,T,,,NC,,,B,,,,,,N,,,,A054;,,N,,,,Unlt Nights & Wknds,,,,,,,,,Z2@Z6@Z9@Z1,14136549,,Y,,,,,, 
CP5NB0003,02-JAN-80,19-JUL-07,04-NOV-14,11111,T1206 ,T1410,,DEF ,M,A,15-JAN-03,10-JUN-06,Pref Nat 700R/5000            ,P,C, ,Y,,,,,0,24,0,0,0,N,,N,Y,Y,,,H,,,,,N,,,D,,N,,,,,,,M,,,Y,,ELIG_TYPE;CAP_MINS700;FBF_PRD_LMTD;FBF_XXX_LMT_NW;,AAA,,,,,O,,,V1,,STD,,,,,,,,,,,VOICE_PP;CONSUMER;,700,,,,,Pref Nat 700R/5000            ,,,,,,,,,Z2@Z6@Z9@Z1,,,,,,,,, 
ARDTB000 ,02-JAN-80,08-MAR-05,08-JUL-14,11111,T1206 ,T1406,1111,    ,M,A,04-AUG-98,10-JUN-06,Double Minutes,R,P,,N,,,,,,,,,,,,N,Y,Y,,,H,,,,N,N,,,D,,,,,,,,,M,,,Y,V,,,,,,,T,,,NC,,,,,,,,,,,,,A003;,,,,,,Double Minutes,,,,,,,,,,,,,,,,,, 
GPODNB25 ,02-JAN-80,26-JUL-06,08-JUL-14,11111,T1206 ,T1406,1111,DEF ,M,A,16-JUN-05,10-JUN-06,OBFRRGNNI,P,C, ,N,,,,,0,24,0,0,0,N,,N,Y,Y,,,H,,,,,N,,,D,,N,,,,,,,M,,A1,Y,,B2B_TYPE;ELIG_TYPE;VM:BASIC;BVM;,AAA,,,Y,,O,,,V1,,STD,,,,,,,,,,,VOICE_PP;BUSINESS;,0,,,,,OBFRRGNNI,,,,,,,,,,,,,,,,,, 
AG08     ,02-JAN-80,04-NOV-08,08-JUL-14,11111,T1206 ,T1406,1111,    ,M,A,24-JUN-04,05-NOV-08,08 PT DIS 3MB BB,R,C, ,N,,,,,,,,,,,,N,Y,Y,,,G,,,,,N,,,D,,,GG,N,,,,,G,,A1,Y,B,REM_IF_DATAGRP_DUP;FBF_XXX_LMT_GPR;,,41293,GPRS BB ALL9 3MB $0.01KB ADDL,,U,O,,4700,D1,,,,,,,,,,,,,A036;,,Y,,,,08 PT DIS 3MB BB,,,,,,,,,,41293,,Y,,,,,, 
ZD6QECV01,02-JAN-80,04-FEB-06,04-NOV-14,754992,ZOD2A ,T1410,,DEF ,M,A,23-NOV-09,23-JUN-10,FAM NATIONAL FRDM900,P,C, ,Y,,,,0,0,0,0,0,0,N,,N,Y,Y,,,H,,N,N,,N,,,D,N,N,,,G,,,,M,5,,Y,,ELIG_TYPE;VM:BASIC;BVM;CONV_ALLTEL;CONV_ZOD_ALIST;,AAA,,,,,O,N,,V1,,STD,,,,,,,,,,,VOICE_PP;CONSUMER;,900,,,,,FAM NATIONAL FRDM900,,,,,,,,,,,*;,,,,,,, 
ZFBIPUNTE,02-JAN-80,30-JAN-14,08-JUL-14,77099101,PPOL  ,T1406,,    ,M,A,24-DEC-13,,FB IPHONE UNL AO TE,R,C, ,Y,,,,,,,,,,,,N,Y,Y,,,H,,,,,N,,,D,,,,N,,,,,G,,K1@V3@V4@V5@V6,Y,B,B2B_TYPE;RTP;UPG_EQU_MRC_CALC;IRU_RESTRICTED;CUSTOM;REM_IF_DATAGRP_DUP;,,,,,,O,,,D1,N,,B,,,N,,,N,,N,,A036;A076;,,Y,,0,N,Unl Domestic Data for iPhone w/Tethering,"unlimited domestic data usage, unlimited domestic data usage on the AT&T Wi-Fi Basic Network for 3G and 4G devices. Mobile Hotspot, tethering and Visual Voicemail available with compatible devices. Access to corporate email, company intranet sites and other business applications.",0,,N,0,N,,,,,,N,,N,,,, 
TMDMS8192,02-JAN-80,07-FEB-14,08-JUL-14,2333031,PPOL  ,T1406,,    ,M,A,04-MAR-14,,TMDM SEC PLUS 8192,R,C, ,Y,,,,,,,,,,,,N,Y,N,,,H,,,,,N,,,D,,,,N,,,,,G,,A1,Y,B,B2B_TYPE;RTP;IRU_RESTRICTED;SOCCOMB;,,,,,,O,,,M1,,,B,,,N,,,Y,,N,RBS,A086;,,N,,0,N,Mobile Device Management Security Plus 8192 Licenses,,0,,N,0,N,,,,,,N,,N,,,, 
TGLASDL7 ,02-JAN-80,04-SEP-14,22-SEP-14,699047,PPOL  ,gr260,,    ,M,A,23-SEP-14,,TGL EXTEND SPRT L7,R,C, ,Y,,,,,,,,,,,,N,Y,N,,,G,,,,,N,,,D,,,GG,N,,,,,G,,A1,Y,B,B2B_TYPE;RTP;IRU_RESTRICTED;,,,,,,O,,,M1,N,,B,,,N,,,Y,,S,RBS,A086;,,N,0,0,N,Toggle Extended Technical Support Level 7,"24x7 technical support by the Mobility Solutions Services Application Service Desk. Level 7 includes 1,001 - 2,000 licenses.",0,,N,0,N,,,,,,N,,N,,,, 
ZILR40200,02-JAN-80,03-MAR-14,04-NOV-14,699052,PPOL  ,T1410,,    ,M,A,07-MAR-14,,VOICEINTRM40200,R,C, ,Y,,,,,,,,,,,,N,N,N,,,H,,,,,N,,,D,,,,N,,,,,G,,A1,Y,V,B2B_TYPE;INTL;IRU_RESTRICTED;CUSTOM;GUGWT;,,,,,,O,,,V2,N,,B,,,N,,,N,,N,,A043;,,N,,0,N,Custom International Voice Roaming,$0.40 per minute for all calls placed or received while in the countries included in the Data Global Add-On Packages (see att.com/globalcountries) or $2.00 per minute for all calls placed or received outside these countries. $0.005 per kilobyte for data in the countries included in the Data Global Add-On Packages or $0.015 per kilobyte for data outside these countries.,0,,N,0,N,,,Z2@Z6@Z1,,,N,,N,,,, 
